OBJECTID_1;Nome da Base;Município;UF;Razão Social;Latitude;Longitude;Capacidade (t);x;y
177;NACIONAL GÁS BUTANO - BASE - ARACAJÚ/SE;ARACAJU;SE;NACIONAL GAS BUTANO DISTRIBUIDORA LTDA;-10.99575833;-37.06495667;356;-37.06495666999996;-10.995758329999944
178;SERVGAS - BASE - GUARULHOS/SP;GUARULHOS;SP;SERVGÁS DISTRIBUIDORA DE GÁS S. A.;-23.43873255;-46.43018307;343;-46.43018306999994;-23.43873254999994
179;COPAGAZ - BASE - JARDINÓPOLIS/SP;JARDINOPOLIS;SP;COPAGAZ DISTRIBUIDORA DE GÁS S/A.;-21.037695;-47.83121333;349.88;-47.83121332999997;-21.03769499999993
180;AMAZONGÁS - BASE - PORTO VELHO/RO;PORTO VELHO;RO;AMAZONGÁS DISTRIBUIDORA DE GÁS LIQUEFEITO DE PETRÓLEO LTDA.;-8.74967667;-63.9127;1560;-63.91269999999997;-8.749676669999928
181;NACIONAL GÁS BUTANO - BASE - GUAMARÉ/RN;GUAMARE;RN;NACIONAL GAS BUTANO DISTRIBUIDORA LTDA;-5.134146;-36.38916;319;-36.38915999999995;-5.13414599999993
182;NACIONAL GÁS BUTANO - BASE - MACAÉ/RJ;MACAE;RJ;NACIONAL GAS BUTANO DISTRIBUIDORA LTDA;-22.29407398;-41.7126251;163;-41.71262509999997;-22.29407397999995
183;SUPERGASBRAS -BASE- LONDRINA/PR;LONDRINA;PR;SUPERGASBRAS ENERGIA LTDA;-23.27612;-51.21056;280.52;-51.21055999999999;-23.276119999999935
184;LIQUIGÁS - BASE - LONDRINA/PR;LONDRINA;PR;LIQUIGÁS DISTRIBUIDORA S.A.;-23.279435;-51.221575;56.95;-51.22157499999997;-23.279434999999978
185;NACIONAL - BASE - BELÉM/PA;BELEM;PA;NACIONAL GAS BUTANO DISTRIBUIDORA LTDA;-1.40436337;-48.48770092;1897;-48.48770091999995;-1.4043633699999418
186;LIQUIGÁS - BASE -  PONTA GROSSA/PR;PONTA GROSSA;PR;LIQUIGÁS DISTRIBUIDORA S.A.;-25.09017;-50.19634667;57.63;-50.19634666999997;-25.090169999999944
187;ULTRAGAZ- BASE - ARAUCÁRIA/PR;ARAUCARIA;PR;COMPANHIA ULTRAGAZ S A;-25.55658768;-49.36103885;232;-49.36103884999994;-25.55658767999995
188;NACIONAL GÁS BUTANO - BASE - SERRA/ES;SERRA;ES;NACIONAL GAS BUTANO DISTRIBUIDORA LTDA;-20.19289966;-40.23982873;176;-40.23982872999994;-20.192899659999966
189;LIQUIGAS - BASE - BRASILIA/DF;BRASILIA;DF;LIQUIGÁS DISTRIBUIDORA S.A.;-15.80065667;-47.98019667;226.56;-47.98019666999994;-15.800656669999967
190;SUPERGASBRAS -BASE- SÃO FRANCISCO DO CONDE/BA;SAO FRANCISCO DO CONDE;BA;SUPERGASBRAS ENERGIA LTDA;-12.70897333;-38.586225;159.24;-38.586224999999956;-12.708973329999935
191;NACIONAL GÁS BUTANO - BASE - JEQUIÉ/BA;JEQUIE;BA;NACIONAL GAS BUTANO DISTRIBUIDORA LTDA;-13.841388;-40.099888;177;-40.099887999999964;-13.841387999999938
192;NACIONAL GÁS BUTANO - BASE - ITABUNA/BA;ITABUNA;BA;NACIONAL GAS BUTANO DISTRIBUIDORA LTDA;-14.821045;-39.307286;174;-39.307285999999976;-14.82104499999997
193;ULTRAGAZ - BASE - SANTOS/SP;SANTOS;SP;COMPANHIA ULTRAGAZ S A;-23.927725;-46.35554167;2111.31;-46.35554166999998;-23.927724999999953
194;GASBALL - BASE - PAULÍNIA/SP;PAULINIA;SP;GASBALL ARMAZENADORA E DISTRIBUIDORA LTDA.;-22.71908833;-47.14065;348;-47.14064999999994;-22.719088329999977
195;VIDA E ENERGIA - BASE - PAULÍNIA/SP;PAULINIA;SP;VIDA & ENERGIA DISTRIBUIDORA DE GÁS LIQUEFEITO DE PETRÓLEO LTDA;-22.71416167;-47.13655667;329.46;-47.13655666999995;-22.714161669999953
196;SUPERGASBRAS- BASE- PAULÍNIA/SP;PAULINIA;SP;SUPERGASBRAS ENERGIA LTDA;-22.716165;-47.14188667;1093.81;-47.14188666999996;-22.716164999999933
197;MASTERGAS- BASE- RIO CLARO/SP;RIO CLARO;SP;MASTERGAS COMÉRCIO, TRANSPORTE E DISTRIBUIÇÃO DE GLP RIO CLARO LTDA.;-22.359901;-47.54627;40;-47.546269999999936;-22.35990099999998
198;FOGAS - BASE - MANAUS/AM;MANAUS;AM;SOCIEDADE FOGAS LTDA;-3.14244167;-59.95381667;1440;-59.95381666999998;-3.1424416699999256
199;ULTRAGAZ - BASE - PALHOCA/SC;PALHOCA;SC;COMPANHIA ULTRAGAZ S A;-27.655735;-48.6774;58.66;-48.67739999999998;-27.655734999999936
200;NACIONAL GÁS BUTANO - BASE - NATAL/RN;NATAL;RN;NACIONAL GAS BUTANO DISTRIBUIDORA LTDA;-5.725346;-35.281339;95;-35.281338999999946;-5.725345999999945
201;ULTRAGAZ - BASE - CANOAS/RS;CANOAS;RS;COMPANHIA ULTRAGAZ S A;-29.87700333;-51.16266;576.6;-51.16265999999996;-29.87700332999998
202;COMPANHIA ULTRAGAZ S.A.;CAXIAS DO SUL;RS;COMPANHIA ULTRAGAZ S A;-29.136155;-51.1946;115.63;-51.19459999999998;-29.136154999999974
203;SUPERGASBRAS - BASE - CURITIBANOS/SC;CURITIBANOS;SC;SUPERGASBRAS ENERGIA LTDA;-27.31470167;-50.545675;54.62;-50.54567499999996;-27.314701669999977
204;SUPERGASBRAS - BASE - DUQUE DE CAXIAS/RJ;DUQUE DE CAXIAS;RJ;SUPERGASBRAS ENERGIA LTDA;-22.70992177;-43.27990851;1318.46;-43.279908509999984;-22.709921769999937
205;COPAGAZ - BASE - DUQUE DE CAXIAS/RJ;DUQUE DE CAXIAS;RJ;COPAGAZ DISTRIBUIDORA DE GÁS S/A.;-22.71004667;-43.27342;357.55;-43.27341999999993;-22.71004666999994
206;NACIONAL GAS BUTANO - BASE -  APUCARANA - PR;APUCARANA;PR;NACIONAL GAS BUTANO DISTRIBUIDORA LTDA;-23.52205;-51.44059833;118;-51.44059832999994;-23.52204999999998
207;ULTRAGAZ - BASE - LONDRINA/PR;LONDRINA;PR;COMPANHIA ULTRAGAZ S A;-23.27813667;-51.22063667;117;-51.220636669999976;-23.27813666999998
208;LIQUIGÁS - BASE - BELÉM/PARA;BELEM;PA;LIQUIGÁS DISTRIBUIDORA S.A.;-1.40647833;-48.48566333;1067.93;-48.485663329999966;-1.4064783299999704
209;ULTRAGAZ - BASE - CASCAVEL/PR;CASCAVEL;PR;COMPANHIA ULTRAGAZ S A;-24.92997833;-53.39384333;117.1;-53.39384332999998;-24.929978329999983
210;MINASGÁS- BASE- IPOJUCA/PE;IPOJUCA;PE;MINASGAS S/A INDUSTRIA E COMERCIO;-8.3956511;-34.97696019;416.53;-34.97696018999994;-8.395651099999952
211;BAHIANA - BASE - IPOJUCA/PE;IPOJUCA;PE;BAHIANA DISTRIBUIDORA DE GÁS LTDA;-8.39547027;-34.97586991;500;-34.97586990999997;-8.395470269999976
212;GAS PONTO COM - BASE - BALSA NOVA/PR;BALSA NOVA;PR;GÁS PONTO COM DISTRIBUIDORA DE GÁS S.A.;-25.57407833;-49.613695;60;-49.61369499999995;-25.574078329999963
213;LIQUIGÁS - BASE - BETIM/MG;BETIM;MG;LIQUIGÁS DISTRIBUIDORA S.A.;-19.9524271;-44.10095787;700.35;-44.100957869999945;-19.952427099999966
214;LIQUIGÁS - BASE - SÃO LUIS/MA;SAO LUIS;MA;LIQUIGÁS DISTRIBUIDORA S.A.;-2.55847258;-44.34235648;1220.24;-44.34235647999998;-2.5584725799999433
215;SUPERGASBRAS- BASE- SERRA/ES;SERRA;ES;SUPERGASBRAS ENERGIA LTDA;-20.19453313;-40.23945933;452.69;-40.23945932999993;-20.194533129999968
216;BAHIANA - BASE - JUAZEIRO/BA;JUAZEIRO;BA;BAHIANA DISTRIBUIDORA DE GÁS LTDA;-9.46567833;-40.49161333;175.2;-40.49161332999995;-9.465678329999946
217;BAHIANA - BASE - CAUCAIA/CE;CAUCAIA;CE;BAHIANA DISTRIBUIDORA DE GÁS LTDA;-3.74370167;-38.62351333;402.5;-38.62351332999998;-3.7437016699999504
218;ULTRAGAZ - BASE - SÃO JOSÉ DOS CAMPOS/SP II;SAO JOSE DOS CAMPOS;SP;COMPANHIA ULTRAGAZ S A;-23.18357505;-45.80995139;600.53;-45.80995138999998;-23.183575049999945
219;CONSIGAZ - BASE - SÃO VICENTE/SP;SAO VICENTE;SP;CONSIGAZ DISTRIBUIDORA DE GÁS LTDA.;-23.95099167;-46.41157167;48;-46.411571669999944;-23.95099166999995
220;CONSIGAZ - BASE - PAULINIA/SP;PAULINIA;SP;CONSIGAZ DISTRIBUIDORA DE GÁS LTDA.;-22.71875;-47.13900333;360;-47.13900332999998;-22.718749999999943
221;SUPERGASBRAS- BASE- RIBEIRÃO PRETO/SP;RIBEIRAO PRETO;SP;SUPERGASBRAS ENERGIA LTDA;-21.14492167;-47.87762833;274.88;-47.877628329999936;-21.144921669999974
222;BAHIANA - BASE - ARACAJU/SE;ARACAJU;SE;BAHIANA DISTRIBUIDORA DE GÁS LTDA;-10.906115;-37.09996;291.5;-37.09995999999995;-10.906114999999943
223;LIQUIGÁS - BASE - MAUÁ/SP;MAUA;SP;LIQUIGÁS DISTRIBUIDORA S.A.;-23.65847;-46.478165;1085.94;-46.47816499999993;-23.658469999999966
224;NACIONAL GÁS BUTANO - BASE - MAUÁ/SP;MAUA;SP;NACIONAL GAS BUTANO DISTRIBUIDORA LTDA;-23.65141173;-46.47144193;522;-46.47144192999997;-23.65141172999995
225;SUPERGASBRAS - BASE - MAUÁ/SP;MAUA;SP;SUPERGASBRAS ENERGIA LTDA;-23.65902911;-46.47708643;2024.89;-46.477086429999986;-23.65902910999995
226;LIQUIGÁS - BASE - BAURU/SP;BAURU;SP;LIQUIGÁS DISTRIBUIDORA S.A.;-22.29332167;-49.104215;57.05;-49.104214999999954;-22.293321669999955
227;LIQUIGÁS - BASE - NATAL/RN;NATAL;RN;LIQUIGÁS DISTRIBUIDORA S.A.;-5.725269;-35.280051;588.46;-35.28005099999996;-5.725268999999969
228;SUPERGASBRAS - BASE- ITAJAÍ/SC;ITAJAI;SC;SUPERGASBRAS ENERGIA LTDA;-26.89137667;-48.76191667;181.83;-48.76191666999995;-26.891376669999943
229;NACIONAL GÁS BUTANO - BASE - DUQUE DE CAXIAS /RJ;DUQUE DE CAXIAS;RJ;NACIONAL GAS BUTANO DISTRIBUIDORA LTDA;-22.71243477;-43.27476277;919;-43.27476276999994;-22.71243476999996
230;ULTRAGAZ - BASE - ARARAQUARA/SP;ARARAQUARA;SP;COMPANHIA ULTRAGAZ S A;-21.81186167;-48.14853667;56;-48.14853666999994;-21.811861669999928
231;SUPERGASBRAS -BASE- PASSO FUNDO/ RS;PASSO FUNDO;RS;SUPERGASBRAS ENERGIA LTDA;-28.22545167;-52.47397667;51.61;-52.473976669999956;-28.225451669999984
232;LIQUIGÁS - BASE - SANTA MARIA/RS;SANTA MARIA;RS;LIQUIGÁS DISTRIBUIDORA S.A.;-29.68953;-53.74100667;117.93;-53.74100666999993;-29.689529999999934
233;SUPERGASBRAS- BASE- UBERLANDIA/MG;UBERLANDIA;MG;SUPERGASBRAS ENERGIA LTDA;-18.86635333;-48.29604667;215.9;-48.29604666999995;-18.86635332999998
234;LIQUIGÁS - BASE - IPOJUCA/PE;IPOJUCA;PE;LIQUIGÁS DISTRIBUIDORA S.A.;-8.39506528;-34.97450053;711.18;-34.97450052999994;-8.395065279999926
235;NACIONAL GÁS BUTANO - BASE - BETIM/MG;BETIM;MG;NACIONAL GAS BUTANO DISTRIBUIDORA LTDA;-19.95353176;-44.09852879;510;-44.09852878999993;-19.953531759999976
236;NACIONAL - BASE - IMPERATRIZ/MA;IMPERATRIZ;MA;NACIONAL GAS BUTANO DISTRIBUIDORA LTDA;-5.48317488;-47.47266352;236;-47.47266351999997;-5.483174879999979
237;COMPANHIA ULTRAGAZ S.A.;SENADOR CANEDO;GO;COMPANHIA ULTRAGAZ S A;-16.70425667;-49.11049667;705;-49.110496669999975;-16.70425666999995
238;GASBALL - BASE - SENADOR CANEDO/GO;SENADOR CANEDO;GO;GASBALL ARMAZENADORA E DISTRIBUIDORA LTDA.;-16.70431833;-49.11111167;240;-49.11111166999996;-16.70431832999998
239;NACIONAL GÁS BUTANO - BASE -  SALVADOR/BA;SALVADOR;BA;NACIONAL GAS BUTANO DISTRIBUIDORA LTDA;-12.90917167;-38.453145;177;-38.45314499999995;-12.909171669999978
240;NACIONAL GÁS BUTANO - BASE - JUAZEIRO/BA;JUAZEIRO;BA;NACIONAL GAS BUTANO DISTRIBUIDORA LTDA;-9.46420667;-40.49225;177;-40.492249999999956;-9.464206669999953
241;SUPERGASBRAS - BASE - JEQUIÉ/BA;JEQUIE;BA;SUPERGASBRAS ENERGIA LTDA;-13.84070954;-40.10854644;471.29;-40.10854643999994;-13.840709539999978
242;COPAGAZ - BASE - SÃO JOSÉ DOS CAMPOS/SP;SAO JOSE DOS CAMPOS;SP;COPAGAZ DISTRIBUIDORA DE GÁS S/A.;-23.18430833;-45.81135333;231.4;-45.811353329999974;-23.184308329999965
243;COMPANHIA ULTRAGAZ S.A.;SOROCABA;SP;COMPANHIA ULTRAGAZ S A;-23.42713917;-47.40074554;231.27;-47.400745539999946;-23.427139169999975
244;ULTRAGAZ - BASE - RIBEIRÃO PRETO/SP;RIBEIRAO PRETO;SP;COMPANHIA ULTRAGAZ S A;-21.146515;-47.879915;349;-47.87991499999998;-21.146514999999965
245;NACIONAL GÁS BUTANO - BASE - CANOAS/RS;CANOAS;RS;NACIONAL GAS BUTANO DISTRIBUIDORA LTDA;-29.876585;-51.17079167;492;-51.17079166999997;-29.876584999999977
246;GLP GAS - BASE DUQUE DE CAXIAS;DUQUE DE CAXIAS;RJ;GLP GAS DISTRIBUIDORA DE GAS LTDA.;-22.712401;-43.27079387;384;-43.27079386999998;-22.712400999999943
247;ULTRAGAZ - BASE - DUQUE DE CAXIAS/RJ;DUQUE DE CAXIAS;RJ;COMPANHIA ULTRAGAZ S A;-22.70995254;-43.28400995;875;-43.284009949999984;-22.70995253999996
248;SUPERGASBRAS- BASE- BELÉM/PA;BELEM;PA;SUPERGASBRAS ENERGIA LTDA;-1.40585912;-48.48461774;646.97;-48.484617739999976;-1.4058591199999455
249;COPAGAZ - BASE - CUIABÁ/MT;CUIABA;MT;COPAGAZ DISTRIBUIDORA DE GÁS S/A.;-15.64678167;-56.01023;232;-56.01022999999998;-15.646781669999939
250;COPAGAZ - BASE - UBERLÂNDIA/MG;UBERLANDIA;MG;COPAGAZ DISTRIBUIDORA DE GÁS S/A.;-18.86939125;-48.30119599;353.16;-48.30119598999994;-18.86939124999998
251;LIQUIGÁS - BASE - CASCAVEL/PR;CASCAVEL;PR;LIQUIGÁS DISTRIBUIDORA S.A.;-24.92745;-53.39290833;235.62;-53.392908329999955;-24.927449999999965
252;NACIONAL GÁS BUTANO - BASE - RECIFE/PE;RECIFE;PE;NACIONAL GAS BUTANO DISTRIBUIDORA LTDA;-8.1135252;-34.91339141;104;-34.913391409999974;-8.11352519999997
253;NACIONAL GÁS BUTANO - BASE - IPOJUCA/PE;IPOJUCA;PE;NACIONAL GAS BUTANO DISTRIBUIDORA LTDA;-8.39564833;-34.97051;1378.58;-34.97050999999993;-8.395648329999972
254;LIQUIGÁS - BASE - ARAUCÁRIA/PR;ARAUCARIA;PR;LIQUIGÁS DISTRIBUIDORA S.A.;-25.55509753;-49.36098974;705.53;-49.36098973999998;-25.555097529999955
255;NACIONAL GÁS BUTANO - BASE - FORTALEZA/CE;FORTALEZA;CE;NACIONAL GAS BUTANO DISTRIBUIDORA LTDA;-3.71288667;-38.469845;2007;-38.469844999999964;-3.712886669999932
256;NACIONAL GÁS - BASE - SÃO  LUÍS/MA;SAO LUIS;MA;NACIONAL GAS BUTANO DISTRIBUIDORA LTDA;-2.55730332;-44.34289668;1418;-44.34289667999997;-2.55730331999996
257;SUPERGASBRAS -BASE- BRASÍLIA/DF;BRASILIA;DF;SUPERGASBRAS ENERGIA LTDA;-15.79653;-47.976055;492.93;-47.976054999999974;-15.796529999999962
258;LIQUIGÁS - BASE - SÃO FRANCISCO DO CONDE/BA;SAO FRANCISCO DO CONDE;BA;LIQUIGÁS DISTRIBUIDORA S.A.;-12.709655;-38.58652167;1074.69;-38.58652166999997;-12.709654999999941
259;COPAGAZ - BASE - GOIÂNIA/GO;GOIANIA;GO;COPAGAZ DISTRIBUIDORA DE GÁS S/A.;-16.656865;-49.21930667;235.4;-49.21930666999998;-16.656864999999982
260;ULTRAGAZ - BASE - SÃO JOSÉ DO RIO PRETO/SP;SAO JOSE DO RIO PRETO;SP;COMPANHIA ULTRAGAZ S A;-20.809294;-49.423447;60;-49.42344699999995;-20.809293999999966
261;COPAGAZ - BASE - PAULINIA/SP;PAULINIA;SP;COPAGAZ DISTRIBUIDORA DE GÁS S/A.;-22.71831032;-47.14063949;477.7;-47.140639489999955;-22.718310319999944
262;COMPANHIA ULTRAGAZ S.A.;PAULINIA;SP;COMPANHIA ULTRAGAZ S A;-22.72043667;-47.14302833;928;-47.143028329999936;-22.72043666999997
263;LIQUIGÁS - BASE - PAULINIA/SP;PAULINIA;SP;LIQUIGÁS DISTRIBUIDORA S.A.;-22.71904;-47.14256167;1328.51;-47.142561669999964;-22.71903999999995
264;LIQUIGÁS - BASE - GURUPI/TO;GURUPI;TO;LIQUIGÁS DISTRIBUIDORA S.A.;-11.65220233;-49.05587693;177.83;-49.055876929999954;-11.652202329999966
265;SERVGAS - BASE - PRESIDENTE PRUDENTE/SP;PRESIDENTE PRUDENTE;SP;SERVGÁS DISTRIBUIDORA DE GÁS S. A.;-22.17446667;-51.37219;117.2;-51.37218999999993;-22.17446666999996
266;COPAGAZ - BASE - MAUÁ/SP;MAUA;SP;COPAGAZ DISTRIBUIDORA DE GÁS S/A.;-23.65786374;-46.47882833;502.66;-46.47882832999994;-23.657863739999982
267;COMPANHIA ULTRAGAZ S.A.;JOACABA;SC;COMPANHIA ULTRAGAZ S A;-27.17850152;-51.54434331;117.5;-51.54434330999993;-27.17850151999994
268;COPAGAZ - BASE - CANOAS/RS;CANOAS;RS;COPAGAZ DISTRIBUIDORA DE GÁS S/A.;-29.87647333;-51.17227;370.49;-51.17226999999997;-29.876473329999953
269;SUPERGASBRAS- BASE- CANOAS/RS;CANOAS;RS;SUPERGASBRAS ENERGIA LTDA;-29.87642667;-51.16799333;1187.4;-51.167993329999945;-29.876426669999944
270;SUPERGASBRAS - BASE - DUQUE DE CAXIAS/RJ II;DUQUE DE CAXIAS;RJ;SUPERGASBRAS ENERGIA LTDA;-22.71149072;-43.27813795;2041.13;-43.27813794999997;-22.711490719999972
271;NACIONAL GÁS BUTANO - BASE - TERESINA/PI;TERESINA;PI;NACIONAL GAS BUTANO DISTRIBUIDORA LTDA;-5.09597833;-42.76007833;118;-42.76007832999994;-5.09597832999998
272;COMPANHIA ULTRAGAZ S.A.;DOIS VIZINHOS;PR;COMPANHIA ULTRAGAZ S A;-25.762905;-53.067543;117;-53.067542999999944;-25.762904999999932
273;LIQUIGÁS - BASE - PASSO FUNDO/RS;PASSO FUNDO;RS;LIQUIGÁS DISTRIBUIDORA S.A.;-28.22693167;-52.47741333;237.66;-52.47741332999993;-28.226931669999942
274;LIQUIGÁS - BASE - PELOTAS/RS;PELOTAS;RS;LIQUIGÁS DISTRIBUIDORA S.A.;-31.70920384;-52.34174571;235.81;-52.34174570999994;-31.70920383999993
275;SUPERGASBRAS -BASE- CUIABÁ/MT;CUIABA;MT;SUPERGASBRAS ENERGIA LTDA;-15.67128167;-55.980445;219.03;-55.980444999999975;-15.671281669999928
276;LIQUIGÁS - BASE - CUIBÁ/MT;CUIABA;MT;LIQUIGÁS DISTRIBUIDORA S.A.;-15.67199276;-55.97704833;178.01;-55.977048329999946;-15.671992759999966
277;LIQUIGÁS - BASE - UBERLÂNDIA/MG;UBERLANDIA;MG;LIQUIGÁS DISTRIBUIDORA S.A.;-18.85159333;-48.29721333;177.78;-48.29721332999998;-18.851593329999957
278;NACIONAL GÁS - BASE- CABEDELO/PB;CABEDELO;PB;NACIONAL GAS BUTANO DISTRIBUIDORA LTDA;-6.96766167;-34.83700833;319;-34.83700832999995;-6.967661669999927
279;NACIONAL GÁS BUTANO - BASE - ARAUCARIA/PR;ARAUCARIA;PR;NACIONAL GAS BUTANO DISTRIBUIDORA LTDA;-25.55727059;-49.37077376;825;-49.37077375999996;-25.557270589999973
280;SUPERGASBRAS -BASE- TIMOTEO/MG;TIMOTEO;MG;SUPERGASBRAS ENERGIA LTDA;-19.528616;-42.659438;53.11;-42.659437999999966;-19.528615999999943
281;ULTRAGAZ - BASE - POUSO ALEGRE;POUSO ALEGRE;MG;COMPANHIA ULTRAGAZ S A;-22.23343;-45.925575;54.6;-45.92557499999998;-22.23342999999994
282;LIQUIGÁS - BASE - FORTALEZA/CE;FORTALEZA;CE;LIQUIGÁS DISTRIBUIDORA S.A.;-3.715055;-38.466325;709.19;-38.46632499999998;-3.71505499999995
283;NACIONAL GÁS BUTANO - BASE - SENADOR CANEDO/GO;SENADOR CANEDO;GO;NACIONAL GAS BUTANO DISTRIBUIDORA LTDA;-16.71022167;-49.11023667;177;-49.11023666999995;-16.710221669999953
284;BAHIANA - BASE - SÃO FRANCISCO DO CONDE/BA;SAO FRANCISCO DO CONDE;BA;BAHIANA DISTRIBUIDORA DE GÁS LTDA;-12.70822333;-38.58573667;999.76;-38.58573666999996;-12.708223329999953
285;CONSIGAZ - BASE - SAO JOSE DOS CAMPOS/SP;SAO JOSE DOS CAMPOS;SP;CONSIGAZ DISTRIBUIDORA DE GÁS LTDA.;-23.18648;-45.810575;360;-45.81057499999997;-23.18647999999996
286;LIQUIGÁS - BASE - SÃO JOSÉ DOS CAMPOS/SP;SAO JOSE DOS CAMPOS;SP;LIQUIGÁS DISTRIBUIDORA S.A.;-23.18401;-45.81182167;353.12;-45.81182166999997;-23.184009999999944
287;ULTRAGAZ - BASE - PAULÍNIA/SP;PAULINIA;SP;COMPANHIA ULTRAGAZ S A;-22.71812333;-47.1408;816.63;-47.140799999999956;-22.71812332999997
288;LIQUIGAS - BASE - BARUERI/SP;BARUERI;SP;LIQUIGÁS DISTRIBUIDORA S.A.;-23.50848993;-46.81768837;2018.48;-46.817688369999985;-23.50848992999994
289;FOGAS - BASE - RIO BRANCO/AC;RIO BRANCO;AC;SOCIEDADE FOGAS LTDA;-9.94788571;-67.86652827;540;-67.86652826999995;-9.94788570999998
290;AMAZONGÁS - BASE - MANAUS/AM;MANAUS;AM;AMAZONGÁS DISTRIBUIDORA DE GÁS LIQUEFEITO DE PETRÓLEO LTDA.;-3.13217167;-59.95419833;1230;-59.95419832999994;-3.1321716699999342
291;ULTRAGAZ - BASE - MAUÁ/SP II;MAUA;SP;COMPANHIA ULTRAGAZ S A;-23.65963352;-46.47549467;701.46;-46.47549466999993;-23.659633519999943
292;SOCIEDADE FOGAS PORTO VELHO;PORTO VELHO;RO;SOCIEDADE FOGAS LTDA;-8.73663167;-63.918295;1830;-63.918294999999944;-8.736631669999952
293;CONSIGAZ - BASE - CANOAS/RS;CANOAS;RS;CONSIGAZ DISTRIBUIDORA DE GÁS LTDA.;-29.87713667;-51.16057167;554;-51.16057166999997;-29.87713666999997
294;CONSIGAZ - BASE - DUQUE DE CAXIAS/RJ;DUQUE DE CAXIAS;RJ;CONSIGAZ DISTRIBUIDORA DE GÁS LTDA.;-22.70985988;-43.27551605;518;-43.275516049999965;-22.709859879999954
295;PROPANGAS - BASE - COSMOPOLIS/SP;COSMOPOLIS;SP;PROPANGAS LTDA.;-22.61844833;-47.197755;114;-47.19775499999997;-22.61844832999998
296;SOCIEDADE FOGAS SANTARÉM;SANTAREM;PA;SOCIEDADE FOGAS LTDA;-2.41519333;-54.73928167;360;-54.73928166999997;-2.4151933299999655
297;BAHIANA - BASE - CONDE/PB;CONDE;PB;BAHIANA DISTRIBUIDORA DE GÁS LTDA;-7.249405;-34.93147833;58.24;-34.93147832999995;-7.2494049999999675
298;COPAGAZ - BASE - ARAUCÁRIA/PA;ARAUCARIA;PR;COPAGAZ DISTRIBUIDORA DE GÁS S/A.;-25.55680667;-49.36938833;251.12;-49.369388329999936;-25.556806669999958
299;CIA ULTRAGAZ (EX-) NUTRIGAS - ARACRUZ;ARACRUZ;ES;COMPANHIA ULTRAGAZ S A;-19.82252931;-40.06653235;228.13;-40.06653234999993;-19.822529309999936
300;LIQUIGÁS - BASE - GOIÂNA/GO;GOIANIA;GO;LIQUIGÁS DISTRIBUIDORA S.A.;-16.65886667;-49.22047833;352.41;-49.220478329999935;-16.658866669999952
301;NACIONAL GÁS BUTANO - BASE - MACEIÓ/AL;MACEIO;AL;NACIONAL GAS BUTANO DISTRIBUIDORA LTDA;-9.5905393;-35.75990404;386;-35.75990403999998;-9.590539299999932
302;ULTRAGAZ - BASE - SÃO JOSE DOS CAMPOS/SP I;SAO JOSE DOS CAMPOS;SP;COMPANHIA ULTRAGAZ S A;-23.18448802;-45.8125884;342;-45.81258839999998;-23.184488019999947
303;NACIONAL GÁS BUTANO - BASE - SÃO JOSÉ DOS CAMPOS/SP;SAO JOSE DOS CAMPOS;SP;NACIONAL GAS BUTANO DISTRIBUIDORA LTDA;-23.18529333;-45.81024833;348;-45.81024832999998;-23.18529332999998
304;SERVGAS - BASE - PAULÍNIA/SP;PAULINIA;SP;SERVGÁS DISTRIBUIDORA DE GÁS S. A.;-22.71957833;-47.141205;354.9;-47.14120499999996;-22.719578329999933
305;CONSIGAZ - BASE - BARUERI/SP;BARUERI;SP;CONSIGAZ DISTRIBUIDORA DE GÁS LTDA.;-23.50345064;-46.81875505;720;-46.818755049999936;-23.503450639999983
306;NACIONAL GÁS BUTANO - BASE - BARUERI/SP;BARUERI;SP;NACIONAL GAS BUTANO DISTRIBUIDORA LTDA;-23.50362122;-46.81856307;756;-46.81856306999998;-23.503621219999957
307;CONSIGAZ - BASE - MAUA/SP;MAUA;SP;CONSIGAZ DISTRIBUIDORA DE GÁS LTDA.;-23.65482188;-46.47508491;1355.87;-46.475084909999964;-23.65482187999993
308;LIQUIGÁS - BASE - CAXIAS DO SUL/RS;CAXIAS DO SUL;RS;LIQUIGÁS DISTRIBUIDORA S.A.;-29.17756667;-51.23982167;56.73;-51.23982166999997;-29.177566669999976
309;ULTRAGAZ - BASE - CHAPECÓ/SC;CHAPECO;SC;COMPANHIA ULTRAGAZ S A;-27.13027957;-52.61441023;54.85;-52.614410229999976;-27.13027956999997
310;LIQUIGÁS - BASE - DUQUE DE CAXIAS/RJ;DUQUE DE CAXIAS;RJ;LIQUIGÁS DISTRIBUIDORA S.A.;-22.71272949;-43.2723678;614.73;-43.272367799999984;-22.71272948999996
311;COMPANHIA ULTRAGAZ S.A.;PONTA GROSSA;PR;COMPANHIA ULTRAGAZ S A;-25.06108;-50.17825833;115;-50.17825832999995;-25.061079999999947
312;COPAGAZ - BASE - NOVA CAMPO GRANDE/MS;CAMPO GRANDE;MS;COPAGAZ DISTRIBUIDORA DE GÁS S/A.;-20.45374498;-54.69552701;706.1;-54.69552700999998;-20.453744979999954
313;ULTRAGAZ - BASE - BETIM/MG;BETIM;MG;COMPANHIA ULTRAGAZ S A;-19.95368167;-44.10120167;193.4;-44.101201669999966;-19.95368166999998
314;NACIONAL GÁS BUTANO - BRASILIA/DF;BRASILIA;DF;NACIONAL GAS BUTANO DISTRIBUIDORA LTDA;-15.80059;-47.97997167;179;-47.97997166999994;-15.800589999999943
315;NACIONAL GÁS BUTANO - BASE - CRATO/CE;CRATO;CE;NACIONAL GAS BUTANO DISTRIBUIDORA LTDA;-7.22431789;-39.37280898;156;-39.372808979999945;-7.224317889999952
316;LIQUIGAS - BASE - SANTOS/SP;SANTOS;SP;LIQUIGÁS DISTRIBUIDORA S.A.;-23.925325;-46.36954167;649.34;-46.36954166999993;-23.92532499999993
317;LIQUIGÁS - BASE - SÃO JOSÉ DO RIO PETRO/SP;SAO JOSE DO RIO PRETO;SP;LIQUIGÁS DISTRIBUIDORA S.A.;-20.847428;-49.345983;58.22;-49.34598299999993;-20.84742799999998
318;GASBALL - BASE - SÃO JOSE DOS CAMPOS/SP;SAO JOSE DOS CAMPOS;SP;GASBALL ARMAZENADORA E DISTRIBUIDORA LTDA.;-23.18357833;-45.810875;668.7;-45.81087499999995;-23.183578329999932
319;COPAGAZ - BASE - SÃO PAULO/SP;SAO PAULO;SP;COPAGAZ DISTRIBUIDORA DE GÁS S/A.;-23.68471306;-46.70630166;292.93;-46.70630165999995;-23.68471305999998
320;NACIONAL GÁS BUTANO - BASE - RIBEIRÃO PRETO/SP;RIBEIRAO PRETO;SP;NACIONAL GAS BUTANO DISTRIBUIDORA LTDA;-21.14602833;-47.878765;177;-47.87876499999993;-21.14602832999998
321;ULTRAGAZ - BASE - MAUÁ/SP I;MAUA;SP;COMPANHIA ULTRAGAZ S A;-23.65557714;-46.47757856;720;-46.477578559999984;-23.655577139999934
322;LIQUIGÁS - BASE - SÃO JOSÉ/SC;SAO JOSE;SC;LIQUIGÁS DISTRIBUIDORA S.A.;-27.61965664;-48.64943771;57.44;-48.64943770999997;-27.61965663999996
323;COMPANHIA ULTRAGAZ - BAURU;BAURU;SP;COMPANHIA ULTRAGAZ S A;-22.29508167;-49.107035;116.6;-49.10703499999994;-22.295081669999945
324;NACIONAL GÁS BUTANO - BASE - BAURU/SP;BAURU;SP;NACIONAL GAS BUTANO DISTRIBUIDORA LTDA;-22.31244167;-48.97978667;118;-48.97978666999995;-22.31244166999994
325;FOGÁS - BASE - BOA VISTA/RR;BOA VISTA;RR;SOCIEDADE FOGAS LTDA;2.756698;-60.728904;540;-60.72890399999994;2.7566980000000285
326;NACIONAL GAS BUTANO - BASE -  ITAJAI/SC;ITAJAI;SC;NACIONAL GAS BUTANO DISTRIBUIDORA LTDA;-26.95136921;-48.71002167;163;-48.710021669999946;-26.95136920999994
327;LIQUIGAS - BASE - ITAJAÍ/SC;ITAJAI;SC;LIQUIGÁS DISTRIBUIDORA S.A.;-26.88233106;-48.69315831;236.86;-48.693158309999944;-26.882331059999956
328;ULTRAGAZ - BASE - JOINVILLE/SC;JOINVILLE;SC;COMPANHIA ULTRAGAZ S A;-26.28313592;-48.8876215;30;-48.887621499999966;-26.28313591999995
329;LIQUIGÁS - BASE - JOINVILLE/SC;JOINVILLE;SC;LIQUIGÁS DISTRIBUIDORA S.A.;-26.36995973;-48.83281742;56.89;-48.83281741999997;-26.369959729999948
330;LIQUIGAS - BASE - CANOAS/RS II;CANOAS;RS;LIQUIGÁS DISTRIBUIDORA S.A.;-29.87030912;-51.20166276;224.4;-51.20166275999998;-29.870309119999945
331;SUPERGASBRAS - BASE - CANOAS/RS II;CANOAS;RS;SUPERGASBRAS ENERGIA LTDA;-29.96765376;-51.2016641;643.32;-51.20166409999996;-29.967653759999962
332;LIQUIGAS CANOAS;CANOAS;RS;LIQUIGÁS DISTRIBUIDORA S.A.;-29.96668667;-51.20217833;1719.38;-51.20217832999998;-29.966686669999945
333;SUPERGASBRAS - BASE - BIGUAÇU/SC;BIGUACU;SC;SUPERGASBRAS ENERGIA LTDA;-27.50485;-48.65088333;51.45;-48.65088332999994;-27.504849999999976
334;GLP GAS - BASE - DUQUE DE CAXIAS/RJ;DUQUE DE CAXIAS;RJ;GLP GAS DISTRIBUIDORA DE GAS LTDA.;-22.76700717;-43.28178618;57;-43.28178617999998;-22.767007169999943
335;ULTRAGAZ - BASE - ARAÇATUBA/SP;ARACATUBA;SP;COMPANHIA ULTRAGAZ S A;-21.18766333;-50.46724167;174.4;-50.467241669999964;-21.187663329999964
336;LIQUIGÁS - BASE - MACAÉ/RJ;MACAE;RJ;LIQUIGÁS DISTRIBUIDORA S.A.;-22.29341435;-41.7121964;355.01;-41.71219639999998;-22.293414349999978
337;SOS BASE DE JOÃO PESSOA;JOAO PESSOA;PB;SOS GÁS DISTRIBUIDORA LTDA;-7.18691833;-34.92139333;79;-34.921393329999944;-7.186918329999969
338;COPAGAZ - BASE - IPOJUCA/PE;IPOJUCA;PE;COPAGAZ DISTRIBUIDORA DE GÁS S/A.;-8.39540667;-34.97549;486.23;-34.97548999999998;-8.395406669999943
339;USEGÁS - BASE - ARAUCÁRIA/PR;ARAUCARIA;PR;USEGÁS DISTRIBUIDORA DE GÁS LTDA. - EPP;-25.55300475;-49.44787012;60;-49.44787011999995;-25.553004749999957
340;SUPERGASBRAS - BASE - ARAUCARIA/PR;ARAUCARIA;PR;SUPERGASBRAS ENERGIA LTDA;-25.55659667;-49.36071667;1640.46;-49.36071666999993;-25.556596669999976
341;SUPERGASBRAS - BASE- CAMPO GRANDE/MS;CAMPO GRANDE;MS;SUPERGASBRAS ENERGIA LTDA;-20.45343224;-54.68039379;193.35;-54.68039378999998;-20.453432239999927
342;SUPERGASBRAS DISTRIBUIDORA DE GAS LTDA.;BETIM;MG;SUPERGASBRAS ENERGIA LTDA;-19.95537411;-44.09868857;913.4;-44.09868856999998;-19.95537410999998
343;CONSIGAZ - BASE - CARIACICA/ES;CARIACICA;ES;CONSIGAZ DISTRIBUIDORA DE GÁS LTDA.;-20.28027565;-40.39268296;240;-40.392682959999945;-20.280275649999965
344;NACIONAL GÁS BUTANO - BASE -  SÃO FRANCISCO DO CONDE/BA;SAO FRANCISCO DO CONDE;BA;NACIONAL GAS BUTANO DISTRIBUIDORA LTDA;-12.711125;-38.58763833;531;-38.58763832999995;-12.711124999999981
345;BAHIANA - BASE - CAMPINAS DO PIRAJÁ/BA;SALVADOR;BA;BAHIANA DISTRIBUIDORA DE GÁS LTDA;-12.91757833;-38.46088167;54.85;-38.460881669999935;-12.91757832999997
346;BASE DE MARECHAL DEODORO;MACEIO;AL;BAHIANA DISTRIBUIDORA DE GÁS LTDA;-9.59111836;-35.75905821;692;-35.75905820999998;-9.591118359999939
347;SUPERGASBRAS- BASE- SÃO JOSE DOS CAMPOS/SP;SAO JOSE DOS CAMPOS;SP;SUPERGASBRAS ENERGIA LTDA;-23.18435934;-45.81188662;522.44;-45.81188661999994;-23.184359339999958
348;NACIONAL GÁS BUTANO - BASE - PAULÍNIA/SP;PAULINIA;SP;NACIONAL GAS BUTANO DISTRIBUIDORA LTDA;-22.717675;-47.14032667;352;-47.14032666999998;-22.71767499999993
349;ULTRAGAZ - BASE - BARUERI/SP;BARUERI;SP;COMPANHIA ULTRAGAZ S A;-23.50294339;-46.81682796;1500;-46.816827959999955;-23.502943389999928
350;COPAGAZ - BASE - IBIRITÉ/MG;IBIRITE;MG;COPAGAZ DISTRIBUIDORA DE GÁS S/A.;-19.98736349;-44.10223106;511.54;-44.10223105999995;-19.98736348999995
351;ULTRAGAZ - BASE - IBIRITE/MG;IBIRITE;MG;COMPANHIA ULTRAGAZ S A;-19.98774476;-44.10232362;505.8;-44.102323619999936;-19.98774475999994
352;GÁS PONTO COM DISTRIBUIDORA DE GÁS S.A.;BLUMENAU;SC;GÁS PONTO COM DISTRIBUIDORA DE GÁS S.A.;-26.855364;-49.098588;60;-49.09858799999995;-26.855363999999952
